Workbook

Sheet Rezumat
D2: Raport programări
D3: Alin Bughius · generat la 21.09.2026 16:18 · perioadă: Septembrie 2026 · raport demonstrativ
A6: PROGRAMĂRI | D6: ÎNCASAT | G6: DE ÎNCASAT | J6: URMEAZĂ
A7: =COUNTA(Programari!$A$5:$A$7) -> 3 | D7: =SUMIFS(Programari!$N$5:$N$7,Programari!$O$5:$O$7,"Încasat",Programari!$M$5:$M$7,"<>Anulată") -> 200 | G7: =SUMIFS(Programari!$N$5:$N$7,Programari!$O$5:$O$7,"Neîncasat",Programari!$M$5:$M$7,"<>Anulată") -> 450 | J7: =COUNTIFS(Programari!$D$5:$D$7,">="&TODAY(),Programari!$M$5:$M$7,"În așteptare")+COUNTIFS(Programari!$D$5:$D$7,">="&TODAY(),Programari!$M$5:$M$7,"Confirmată") -> 1
A9: Starea programărilor | E9: Sursa programărilor | I9: Servicii după valoare
A10: Stare | B10: Număr | C10: Pondere | E10: Sursă | F10: Număr | G10: Pondere | I10: Serviciu | J10: Programări | K10: Valoare | L10: Încasat
A11: În așteptare | B11: 1 | C11: 0.33333333 | E11: Manual | F11: 1 | G11: 0.33333333 | I11: Deep Tissue | J11: 1 | K11: 250 | L11: 0
A12: Confirmată | B12: 1 | C12: 0.33333333 | E12: Din site | F12: 2 | G12: 0.66666667 | I12: Masaj de relaxare | J12: 1 | K12: 200 | L12: 0
A13: Finalizată | B13: 1 | C13: 0.33333333 | I13: Masaj terapeutic | J13: 1 | K13: 200 | L13: 200
A14: Anulată | B14: 0 | C14: 0
A16: Observații automate
A17: 1. 1 din 3 programări sunt în așteptarea confirmării.
A18: 2. Deep Tissue are cea mai mare valoare programată: 250 lei.
A19: 3. Programările manuale reprezintă 33,3% din total.
A20: 4. Gradul de încasare pentru programările active este 30,8%.

Sheet Analize
A2: Analiza programărilor
A3: Centralizare automată pe servicii și luni. Programările anulate nu intră în valorile financiare.
A4: Serviciu | B4: Total | C4: Manual | D4: Din site | E4: Active | F4: Finalizate | G4: Anulate | H4: Valoare | I4: Încasat | J4: De încasat
A5: Deep Tissue | B5: =COUNTIF(Programari!$J$5:$J$7,$A5) -> 1 | C5: =COUNTIFS(Programari!$J$5:$J$7,$A5,Programari!$B$5:$B$7,"Manual") -> 0 | D5: =COUNTIFS(Programari!$J$5:$J$7,$A5,Programari!$B$5:$B$7,"Din site") -> 1 | E5: =COUNTIFS(Programari!$J$5:$J$7,$A5,Programari!$M$5:$M$7,"În așteptare")+COUNTIFS(Programari!$J$5:$J$7,$A5,Programari!$M$5:$M$7,"Confirmată") -> 1 | F5: =COUNTIFS(Programari!$J$5:$J$7,$A5,Programari!$M$5:$M$7,"Finalizată") -> 0 | G5: =COUNTIFS(Programari!$J$5:$J$7,$A5,Programari!$M$5:$M$7,"Anulată") -> 0 | H5: =SUMIFS(Programari!$N$5:$N$7,Programari!$J$5:$J$7,$A5,Programari!$M$5:$M$7,"<>Anulată") -> 250 | I5: =SUMIFS(Programari!$N$5:$N$7,Programari!$J$5:$J$7,$A5,Programari!$O$5:$O$7,"Încasat",Programari!$M$5:$M$7,"<>Anulată") -> 0 | J5: =SUMIFS(Programari!$N$5:$N$7,Programari!$J$5:$J$7,$A5,Programari!$O$5:$O$7,"Neîncasat",Programari!$M$5:$M$7,"<>Anulată") -> 250
A6: Masaj de relaxare | B6: =COUNTIF(Programari!$J$5:$J$7,$A6) -> 1 | C6: =COUNTIFS(Programari!$J$5:$J$7,$A6,Programari!$B$5:$B$7,"Manual") -> 1 | D6: =COUNTIFS(Programari!$J$5:$J$7,$A6,Programari!$B$5:$B$7,"Din site") -> 0 | E6: =COUNTIFS(Programari!$J$5:$J$7,$A6,Programari!$M$5:$M$7,"În așteptare")+COUNTIFS(Programari!$J$5:$J$7,$A6,Programari!$M$5:$M$7,"Confirmată") -> 1 | F6: =COUNTIFS(Programari!$J$5:$J$7,$A6,Programari!$M$5:$M$7,"Finalizată") -> 0 | G6: =COUNTIFS(Programari!$J$5:$J$7,$A6,Programari!$M$5:$M$7,"Anulată") -> 0 | H6: =SUMIFS(Programari!$N$5:$N$7,Programari!$J$5:$J$7,$A6,Programari!$M$5:$M$7,"<>Anulată") -> 200 | I6: =SUMIFS(Programari!$N$5:$N$7,Programari!$J$5:$J$7,$A6,Programari!$O$5:$O$7,"Încasat",Programari!$M$5:$M$7,"<>Anulată") -> 0 | J6: =SUMIFS(Programari!$N$5:$N$7,Programari!$J$5:$J$7,$A6,Programari!$O$5:$O$7,"Neîncasat",Programari!$M$5:$M$7,"<>Anulată") -> 200
A7: Masaj terapeutic | B7: =COUNTIF(Programari!$J$5:$J$7,$A7) -> 1 | C7: =COUNTIFS(Programari!$J$5:$J$7,$A7,Programari!$B$5:$B$7,"Manual") -> 0 | D7: =COUNTIFS(Programari!$J$5:$J$7,$A7,Programari!$B$5:$B$7,"Din site") -> 1 | E7: =COUNTIFS(Programari!$J$5:$J$7,$A7,Programari!$M$5:$M$7,"În așteptare")+COUNTIFS(Programari!$J$5:$J$7,$A7,Programari!$M$5:$M$7,"Confirmată") -> 0 | F7: =COUNTIFS(Programari!$J$5:$J$7,$A7,Programari!$M$5:$M$7,"Finalizată") -> 1 | G7: =COUNTIFS(Programari!$J$5:$J$7,$A7,Programari!$M$5:$M$7,"Anulată") -> 0 | H7: =SUMIFS(Programari!$N$5:$N$7,Programari!$J$5:$J$7,$A7,Programari!$M$5:$M$7,"<>Anulată") -> 200 | I7: =SUMIFS(Programari!$N$5:$N$7,Programari!$J$5:$J$7,$A7,Programari!$O$5:$O$7,"Încasat",Programari!$M$5:$M$7,"<>Anulată") -> 200 | J7: =SUMIFS(Programari!$N$5:$N$7,Programari!$J$5:$J$7,$A7,Programari!$O$5:$O$7,"Neîncasat",Programari!$M$5:$M$7,"<>Anulată") -> 0
A10: Evoluție lunară
A11: Lună | B11: Total | C11: Manual | D11: Din site | E11: Valoare | F11: Încasat | G11: De încasat
A12: 09.2026 | B12: 3 | C12: 1 | D12: 2 | E12: 650 | F12: 200 | G12: 450

Sheet Programari
A2: Toate programările
A3: Export complet din CRM · 21.09.2026 16:18
A4: Referință | B4: Sursă | C4: Creată la | D4: Data | E4: Ora | F4: Client | G4: Telefon | H4: E-mail | I4: Zonă / adresă | J4: Serviciu | K4: Durată (min) | L4: Pauză (min) | M4: Stare | N4: Cost (lei) | O4: Încasare | P4: Notițe interne | Q4: Actualizată la | R4: ID intern
A5: #33333333 | B5: Din site | C5: 46280.389 | D5: 46286.875 | E5: 14:00 | F5: Client Nou | G5: 0773000003 | H5: client3@example.com | I5: Sector 1 | J5: Deep Tissue | K5: 60 | L5: 15 | M5: În așteptare | N5: 250 | O5: Neîncasat | Q5: 46280.389 | R5: 33333333333333333333333333333333
A6: #22222222 | B6: Manual | C6: 46273.271 | D6: 46274.875 | E6: 18:30 | F6: Client Manual | G6: 0773000002 | I6: Pipera | J6: Masaj de relaxare | K6: 60 | L6: 15 | M6: Confirmată | N6: 200 | O6: Neîncasat | P6: Programare telefonică. | Q6: 46273.271 | R6: 22222222222222222222222222222222
A7: #11111111 | B7: Din site | C7: 46266.292 | D7: 46267.875 | E7: 10:00 | F7: Client Din Site | G7: 0773000001 | H7: client1@example.com | I7: Sector 2 | J7: Masaj terapeutic | K7: 60 | L7: 15 | M7: Finalizată | N7: 200 | O7: Încasat | P7: Preferă presiune medie. | Q7: 46268.344 | R7: 11111111111111111111111111111111
